,x_noise,y_noise,z_noise,Success,trans_err,quat_dist
0,-0.01,0.025,0.0,True,-0.026925824035672525,0.0
1,-0.02,0.025,0.0,True,-0.032015621187164243,0.0
2,-0.02,0.015,0.0,True,-0.025,0.0
3,0.02,0.015,0.0,True,0.025,0.0
4,-0.025,0.025,0.0,False,-0.03535533905932738,0.0
5,-0.02,0.0175,0.0,True,-0.026575364531836624,0.0
