,x_noise,y_noise,z_noise,Success,trans_err,quat_dist
0,0.005,0.025,0.0,False,0.025495097567963927,0.0
1,0.015,0.02,0.0,False,0.025,0.0
2,0.02,0.0175,0.0,False,0.026575364531836624,0.0
