,x_noise,y_noise,z_noise,Success,trans_err,quat_dist
0,0.0,0.03,0.0,True,0.0,0.0
1,0.03,0.03,0.0,True,0.042426406871192854,0.0
2,0.02,0.03,0.0,True,0.03605551275463989,0.0
3,-0.03,0.03,0.0,False,-0.042426406871192854,0.0
4,-0.02,0.03,0.0,True,-0.03605551275463989,0.0
5,0.0,0.04,0.0,True,0.0,0.0
6,-0.04,0.04,0.0,False,-0.0565685424949238,0.0
7,-0.03,0.04,0.0,False,-0.05,0.0
8,0.03,0.04,0.0,False,0.05,0.0
9,0.04,0.04,0.0,False,0.0565685424949238,0.0
